opportunity_uuid,task_type,content,timestamp
46f54a35-01be-4f1c-a236-8088413bf0a9,call,Sample call for opportunity 46f54a35-01be-4f1c-a236-8088413bf0a9,2025-06-01 10:00:00
46f54a35-01be-4f1c-a236-8088413bf0a9,sms,Sample sms for opportunity 46f54a35-01be-4f1c-a236-8088413bf0a9,2025-06-01 10:00:00
5f03a296-1042-4346-a42e-cf54c75b3173,call,Sample call for opportunity 5f03a296-1042-4346-a42e-cf54c75b3173,2025-06-01 10:00:00
5f03a296-1042-4346-a42e-cf54c75b3173,sms,Sample sms for opportunity 5f03a296-1042-4346-a42e-cf54c75b3173,2025-06-01 10:00:00
e50fd5d6-1654-4478-ac60-cc8b0c16e2b7,call,Sample call for opportunity e50fd5d6-1654-4478-ac60-cc8b0c16e2b7,2025-06-01 10:00:00
e50fd5d6-1654-4478-ac60-cc8b0c16e2b7,sms,Sample sms for opportunity e50fd5d6-1654-4478-ac60-cc8b0c16e2b7,2025-06-01 10:00:00
47662ab8-cee9-47dd-9c5e-b4fb30272385,call,Sample call for opportunity 47662ab8-cee9-47dd-9c5e-b4fb30272385,2025-06-01 10:00:00
47662ab8-cee9-47dd-9c5e-b4fb30272385,sms,Sample sms for opportunity 47662ab8-cee9-47dd-9c5e-b4fb30272385,2025-06-01 10:00:00
bdf8dc8a-7e55-4620-9d79-63813e9d5369,call,Sample call for opportunity bdf8dc8a-7e55-4620-9d79-63813e9d5369,2025-06-01 10:00:00
bdf8dc8a-7e55-4620-9d79-63813e9d5369,sms,Sample sms for opportunity bdf8dc8a-7e55-4620-9d79-63813e9d5369,2025-06-01 10:00:00
d2735f92-7a3e-4fe2-85ba-eb95ac5fb2f7,call,Sample call for opportunity d2735f92-7a3e-4fe2-85ba-eb95ac5fb2f7,2025-06-01 10:00:00
d2735f92-7a3e-4fe2-85ba-eb95ac5fb2f7,sms,Sample sms for opportunity d2735f92-7a3e-4fe2-85ba-eb95ac5fb2f7,2025-06-01 10:00:00
4359bc9e-076c-4ef8-9f41-8e7fa2de1aed,call,Sample call for opportunity 4359bc9e-076c-4ef8-9f41-8e7fa2de1aed,2025-06-01 10:00:00
4359bc9e-076c-4ef8-9f41-8e7fa2de1aed,sms,Sample sms for opportunity 4359bc9e-076c-4ef8-9f41-8e7fa2de1aed,2025-06-01 10:00:00
2a336dd8-d84c-4694-b540-9f7fca4feb9c,call,Sample call for opportunity 2a336dd8-d84c-4694-b540-9f7fca4feb9c,2025-06-01 10:00:00
2a336dd8-d84c-4694-b540-9f7fca4feb9c,sms,Sample sms for opportunity 2a336dd8-d84c-4694-b540-9f7fca4feb9c,2025-06-01 10:00:00
c3c3857c-7e64-4ace-a38f-b76db982fa38,call,Sample call for opportunity c3c3857c-7e64-4ace-a38f-b76db982fa38,2025-06-01 10:00:00
c3c3857c-7e64-4ace-a38f-b76db982fa38,sms,Sample sms for opportunity c3c3857c-7e64-4ace-a38f-b76db982fa38,2025-06-01 10:00:00
b6b03761-3315-416f-9a36-86f705cc8d8f,call,Sample call for opportunity b6b03761-3315-416f-9a36-86f705cc8d8f,2025-06-01 10:00:00
b6b03761-3315-416f-9a36-86f705cc8d8f,sms,Sample sms for opportunity b6b03761-3315-416f-9a36-86f705cc8d8f,2025-06-01 10:00:00
64cd78ca-13b8-4a32-a57e-4fc3b77c938b,call,Sample call for opportunity 64cd78ca-13b8-4a32-a57e-4fc3b77c938b,2025-06-01 10:00:00
64cd78ca-13b8-4a32-a57e-4fc3b77c938b,sms,Sample sms for opportunity 64cd78ca-13b8-4a32-a57e-4fc3b77c938b,2025-06-01 10:00:00
50d57fae-07eb-4cc8-9ace-8413800631e1,call,Sample call for opportunity 50d57fae-07eb-4cc8-9ace-8413800631e1,2025-06-01 10:00:00
50d57fae-07eb-4cc8-9ace-8413800631e1,sms,Sample sms for opportunity 50d57fae-07eb-4cc8-9ace-8413800631e1,2025-06-01 10:00:00
56004c93-d36a-4c8c-a4c6-c9948e079998,call,Sample call for opportunity 56004c93-d36a-4c8c-a4c6-c9948e079998,2025-06-01 10:00:00
56004c93-d36a-4c8c-a4c6-c9948e079998,sms,Sample sms for opportunity 56004c93-d36a-4c8c-a4c6-c9948e079998,2025-06-01 10:00:00
9317baeb-ba7c-4dd0-898c-9afd6164d106,call,Sample call for opportunity 9317baeb-ba7c-4dd0-898c-9afd6164d106,2025-06-01 10:00:00
9317baeb-ba7c-4dd0-898c-9afd6164d106,sms,Sample sms for opportunity 9317baeb-ba7c-4dd0-898c-9afd6164d106,2025-06-01 10:00:00
77097945-f63e-439c-b76d-ca84f948331e,call,Sample call for opportunity 77097945-f63e-439c-b76d-ca84f948331e,2025-06-01 10:00:00
77097945-f63e-439c-b76d-ca84f948331e,sms,Sample sms for opportunity 77097945-f63e-439c-b76d-ca84f948331e,2025-06-01 10:00:00
fe809d3c-0b53-400b-a01c-56dc07be558e,call,Sample call for opportunity fe809d3c-0b53-400b-a01c-56dc07be558e,2025-06-01 10:00:00
fe809d3c-0b53-400b-a01c-56dc07be558e,sms,Sample sms for opportunity fe809d3c-0b53-400b-a01c-56dc07be558e,2025-06-01 10:00:00
6c9c5eb0-c62e-4c72-a8ee-8d7818a0b7cc,call,Sample call for opportunity 6c9c5eb0-c62e-4c72-a8ee-8d7818a0b7cc,2025-06-01 10:00:00
6c9c5eb0-c62e-4c72-a8ee-8d7818a0b7cc,sms,Sample sms for opportunity 6c9c5eb0-c62e-4c72-a8ee-8d7818a0b7cc,2025-06-01 10:00:00
d9b773f9-55f7-48bc-9c76-414ebc421bb7,call,Sample call for opportunity d9b773f9-55f7-48bc-9c76-414ebc421bb7,2025-06-01 10:00:00
d9b773f9-55f7-48bc-9c76-414ebc421bb7,sms,Sample sms for opportunity d9b773f9-55f7-48bc-9c76-414ebc421bb7,2025-06-01 10:00:00
125ebf48-7faf-4de0-a8c5-209342eb456c,call,Sample call for opportunity 125ebf48-7faf-4de0-a8c5-209342eb456c,2025-06-01 10:00:00
125ebf48-7faf-4de0-a8c5-209342eb456c,sms,Sample sms for opportunity 125ebf48-7faf-4de0-a8c5-209342eb456c,2025-06-01 10:00:00
a6ba8b0e-7d2a-4db2-8320-dc991d7a6a1e,call,Sample call for opportunity a6ba8b0e-7d2a-4db2-8320-dc991d7a6a1e,2025-06-01 10:00:00
a6ba8b0e-7d2a-4db2-8320-dc991d7a6a1e,sms,Sample sms for opportunity a6ba8b0e-7d2a-4db2-8320-dc991d7a6a1e,2025-06-01 10:00:00
f10e6812-1073-47f2-96e6-484000fa1591,call,Sample call for opportunity f10e6812-1073-47f2-96e6-484000fa1591,2025-06-01 10:00:00
f10e6812-1073-47f2-96e6-484000fa1591,sms,Sample sms for opportunity f10e6812-1073-47f2-96e6-484000fa1591,2025-06-01 10:00:00
b5d12009-591d-4b3e-b706-f9087daf9ea1,call,Sample call for opportunity b5d12009-591d-4b3e-b706-f9087daf9ea1,2025-06-01 10:00:00
b5d12009-591d-4b3e-b706-f9087daf9ea1,sms,Sample sms for opportunity b5d12009-591d-4b3e-b706-f9087daf9ea1,2025-06-01 10:00:00
0fd9cd27-8b8a-46fd-bb5b-3a8a8cce2771,call,Sample call for opportunity 0fd9cd27-8b8a-46fd-bb5b-3a8a8cce2771,2025-06-01 10:00:00
0fd9cd27-8b8a-46fd-bb5b-3a8a8cce2771,sms,Sample sms for opportunity 0fd9cd27-8b8a-46fd-bb5b-3a8a8cce2771,2025-06-01 10:00:00
c721313b-4ba8-4a32-8b45-0dff55589b2e,call,Sample call for opportunity c721313b-4ba8-4a32-8b45-0dff55589b2e,2025-06-01 10:00:00
c721313b-4ba8-4a32-8b45-0dff55589b2e,sms,Sample sms for opportunity c721313b-4ba8-4a32-8b45-0dff55589b2e,2025-06-01 10:00:00
b1fbb50d-8b1c-4d6f-a3c2-7fe2287bc1ac,call,Sample call for opportunity b1fbb50d-8b1c-4d6f-a3c2-7fe2287bc1ac,2025-06-01 10:00:00
b1fbb50d-8b1c-4d6f-a3c2-7fe2287bc1ac,sms,Sample sms for opportunity b1fbb50d-8b1c-4d6f-a3c2-7fe2287bc1ac,2025-06-01 10:00:00
4660a447-ba9c-4659-a33a-088f5950e468,call,Sample call for opportunity 4660a447-ba9c-4659-a33a-088f5950e468,2025-06-01 10:00:00
4660a447-ba9c-4659-a33a-088f5950e468,sms,Sample sms for opportunity 4660a447-ba9c-4659-a33a-088f5950e468,2025-06-01 10:00:00
794c9862-e41d-4ede-8e41-056b53795505,call,Sample call for opportunity 794c9862-e41d-4ede-8e41-056b53795505,2025-06-01 10:00:00
794c9862-e41d-4ede-8e41-056b53795505,sms,Sample sms for opportunity 794c9862-e41d-4ede-8e41-056b53795505,2025-06-01 10:00:00
e0cf2f0f-12d9-4b4c-8a13-22515b5f0253,call,Sample call for opportunity e0cf2f0f-12d9-4b4c-8a13-22515b5f0253,2025-06-01 10:00:00
e0cf2f0f-12d9-4b4c-8a13-22515b5f0253,sms,Sample sms for opportunity e0cf2f0f-12d9-4b4c-8a13-22515b5f0253,2025-06-01 10:00:00
c298a20b-d279-4c6a-8672-e3ce99d1dabc,call,Sample call for opportunity c298a20b-d279-4c6a-8672-e3ce99d1dabc,2025-06-01 10:00:00
c298a20b-d279-4c6a-8672-e3ce99d1dabc,sms,Sample sms for opportunity c298a20b-d279-4c6a-8672-e3ce99d1dabc,2025-06-01 10:00:00
1589c010-b545-4edd-8f13-6ccfd1fdb45e,call,Sample call for opportunity 1589c010-b545-4edd-8f13-6ccfd1fdb45e,2025-06-01 10:00:00
1589c010-b545-4edd-8f13-6ccfd1fdb45e,sms,Sample sms for opportunity 1589c010-b545-4edd-8f13-6ccfd1fdb45e,2025-06-01 10:00:00
18db2e88-53ab-4a31-88bd-95bc82dec765,call,Sample call for opportunity 18db2e88-53ab-4a31-88bd-95bc82dec765,2025-06-01 10:00:00
18db2e88-53ab-4a31-88bd-95bc82dec765,sms,Sample sms for opportunity 18db2e88-53ab-4a31-88bd-95bc82dec765,2025-06-01 10:00:00
378c4ea1-b4c8-4440-9d7c-21bb0bcdff65,call,Sample call for opportunity 378c4ea1-b4c8-4440-9d7c-21bb0bcdff65,2025-06-01 10:00:00
378c4ea1-b4c8-4440-9d7c-21bb0bcdff65,sms,Sample sms for opportunity 378c4ea1-b4c8-4440-9d7c-21bb0bcdff65,2025-06-01 10:00:00
80cc7d78-0f44-4570-a50a-1b58de5d64ad,call,Sample call for opportunity 80cc7d78-0f44-4570-a50a-1b58de5d64ad,2025-06-01 10:00:00
80cc7d78-0f44-4570-a50a-1b58de5d64ad,sms,Sample sms for opportunity 80cc7d78-0f44-4570-a50a-1b58de5d64ad,2025-06-01 10:00:00
9adac9f1-2c63-499d-8142-cc90eedb719b,call,Sample call for opportunity 9adac9f1-2c63-499d-8142-cc90eedb719b,2025-06-01 10:00:00
9adac9f1-2c63-499d-8142-cc90eedb719b,sms,Sample sms for opportunity 9adac9f1-2c63-499d-8142-cc90eedb719b,2025-06-01 10:00:00
683f5713-5d8a-480d-861a-163cd6c15a86,call,Sample call for opportunity 683f5713-5d8a-480d-861a-163cd6c15a86,2025-06-01 10:00:00
683f5713-5d8a-480d-861a-163cd6c15a86,sms,Sample sms for opportunity 683f5713-5d8a-480d-861a-163cd6c15a86,2025-06-01 10:00:00
d7190ae8-23e7-477a-ad2a-8e86421d7d57,call,Sample call for opportunity d7190ae8-23e7-477a-ad2a-8e86421d7d57,2025-06-01 10:00:00
d7190ae8-23e7-477a-ad2a-8e86421d7d57,sms,Sample sms for opportunity d7190ae8-23e7-477a-ad2a-8e86421d7d57,2025-06-01 10:00:00
a179ce97-9232-472a-ae33-4e969d079287,call,Sample call for opportunity a179ce97-9232-472a-ae33-4e969d079287,2025-06-01 10:00:00
a179ce97-9232-472a-ae33-4e969d079287,sms,Sample sms for opportunity a179ce97-9232-472a-ae33-4e969d079287,2025-06-01 10:00:00
baa12823-173d-46eb-befe-d515865954ed,call,Sample call for opportunity baa12823-173d-46eb-befe-d515865954ed,2025-06-01 10:00:00
baa12823-173d-46eb-befe-d515865954ed,sms,Sample sms for opportunity baa12823-173d-46eb-befe-d515865954ed,2025-06-01 10:00:00
2e3783df-0692-4b1a-b595-414f7a9d142a,call,Sample call for opportunity 2e3783df-0692-4b1a-b595-414f7a9d142a,2025-06-01 10:00:00
2e3783df-0692-4b1a-b595-414f7a9d142a,sms,Sample sms for opportunity 2e3783df-0692-4b1a-b595-414f7a9d142a,2025-06-01 10:00:00
8a6051d6-ba35-4b01-8e18-3d16168adf69,call,Sample call for opportunity 8a6051d6-ba35-4b01-8e18-3d16168adf69,2025-06-01 10:00:00
8a6051d6-ba35-4b01-8e18-3d16168adf69,sms,Sample sms for opportunity 8a6051d6-ba35-4b01-8e18-3d16168adf69,2025-06-01 10:00:00
62db744c-303b-41fa-80c8-2f6847d16c38,call,Sample call for opportunity 62db744c-303b-41fa-80c8-2f6847d16c38,2025-06-01 10:00:00
62db744c-303b-41fa-80c8-2f6847d16c38,sms,Sample sms for opportunity 62db744c-303b-41fa-80c8-2f6847d16c38,2025-06-01 10:00:00
beeacd26-5005-4150-96a7-2481658b3d27,call,Sample call for opportunity beeacd26-5005-4150-96a7-2481658b3d27,2025-06-01 10:00:00
beeacd26-5005-4150-96a7-2481658b3d27,sms,Sample sms for opportunity beeacd26-5005-4150-96a7-2481658b3d27,2025-06-01 10:00:00
b9d19f4b-ded4-44d0-9739-27f76d6e1c93,call,Sample call for opportunity b9d19f4b-ded4-44d0-9739-27f76d6e1c93,2025-06-01 10:00:00
b9d19f4b-ded4-44d0-9739-27f76d6e1c93,sms,Sample sms for opportunity b9d19f4b-ded4-44d0-9739-27f76d6e1c93,2025-06-01 10:00:00
ab4c1346-1333-4d75-9b18-ef199083858c,call,Sample call for opportunity ab4c1346-1333-4d75-9b18-ef199083858c,2025-06-01 10:00:00
ab4c1346-1333-4d75-9b18-ef199083858c,sms,Sample sms for opportunity ab4c1346-1333-4d75-9b18-ef199083858c,2025-06-01 10:00:00
699afa20-8fd1-4f65-bf86-ce7e904fb736,call,Sample call for opportunity 699afa20-8fd1-4f65-bf86-ce7e904fb736,2025-06-01 10:00:00
699afa20-8fd1-4f65-bf86-ce7e904fb736,sms,Sample sms for opportunity 699afa20-8fd1-4f65-bf86-ce7e904fb736,2025-06-01 10:00:00
4984eca1-9041-42d8-adf8-96112efbffde,call,Sample call for opportunity 4984eca1-9041-42d8-adf8-96112efbffde,2025-06-01 10:00:00
4984eca1-9041-42d8-adf8-96112efbffde,sms,Sample sms for opportunity 4984eca1-9041-42d8-adf8-96112efbffde,2025-06-01 10:00:00
8979a201-75c5-465f-9eaf-4d1c2a0c6c9d,call,Sample call for opportunity 8979a201-75c5-465f-9eaf-4d1c2a0c6c9d,2025-06-01 10:00:00
8979a201-75c5-465f-9eaf-4d1c2a0c6c9d,sms,Sample sms for opportunity 8979a201-75c5-465f-9eaf-4d1c2a0c6c9d,2025-06-01 10:00:00
f92d9512-2308-40a3-8bbb-b91a283e7d87,call,Sample call for opportunity f92d9512-2308-40a3-8bbb-b91a283e7d87,2025-06-01 10:00:00
f92d9512-2308-40a3-8bbb-b91a283e7d87,sms,Sample sms for opportunity f92d9512-2308-40a3-8bbb-b91a283e7d87,2025-06-01 10:00:00
a3c8ad07-18bb-4514-ab1d-1fc22ab4dc65,call,Sample call for opportunity a3c8ad07-18bb-4514-ab1d-1fc22ab4dc65,2025-06-01 10:00:00
a3c8ad07-18bb-4514-ab1d-1fc22ab4dc65,sms,Sample sms for opportunity a3c8ad07-18bb-4514-ab1d-1fc22ab4dc65,2025-06-01 10:00:00
6d7edf21-45cb-4e60-83f9-f0e23ea5249d,call,Sample call for opportunity 6d7edf21-45cb-4e60-83f9-f0e23ea5249d,2025-06-01 10:00:00
6d7edf21-45cb-4e60-83f9-f0e23ea5249d,sms,Sample sms for opportunity 6d7edf21-45cb-4e60-83f9-f0e23ea5249d,2025-06-01 10:00:00
eded9b6e-16a1-4405-a53f-c98c1464e773,call,Sample call for opportunity eded9b6e-16a1-4405-a53f-c98c1464e773,2025-06-01 10:00:00
eded9b6e-16a1-4405-a53f-c98c1464e773,sms,Sample sms for opportunity eded9b6e-16a1-4405-a53f-c98c1464e773,2025-06-01 10:00:00
cc8b3470-5c3e-433e-abe0-bb07504ee1b5,call,Sample call for opportunity cc8b3470-5c3e-433e-abe0-bb07504ee1b5,2025-06-01 10:00:00
cc8b3470-5c3e-433e-abe0-bb07504ee1b5,sms,Sample sms for opportunity cc8b3470-5c3e-433e-abe0-bb07504ee1b5,2025-06-01 10:00:00
19723c8d-a24b-4cb1-bc16-988236b85bfb,call,Sample call for opportunity 19723c8d-a24b-4cb1-bc16-988236b85bfb,2025-06-01 10:00:00
19723c8d-a24b-4cb1-bc16-988236b85bfb,sms,Sample sms for opportunity 19723c8d-a24b-4cb1-bc16-988236b85bfb,2025-06-01 10:00:00
acc635a2-00d0-443b-b8e9-aedb5b611b07,call,Sample call for opportunity acc635a2-00d0-443b-b8e9-aedb5b611b07,2025-06-01 10:00:00
acc635a2-00d0-443b-b8e9-aedb5b611b07,sms,Sample sms for opportunity acc635a2-00d0-443b-b8e9-aedb5b611b07,2025-06-01 10:00:00
67d374c8-1d32-41ff-aa2f-a9ff585606c3,call,Sample call for opportunity 67d374c8-1d32-41ff-aa2f-a9ff585606c3,2025-06-01 10:00:00
67d374c8-1d32-41ff-aa2f-a9ff585606c3,sms,Sample sms for opportunity 67d374c8-1d32-41ff-aa2f-a9ff585606c3,2025-06-01 10:00:00
65376c6e-c11a-40c8-a23b-205cdce7248f,call,Sample call for opportunity 65376c6e-c11a-40c8-a23b-205cdce7248f,2025-06-01 10:00:00
65376c6e-c11a-40c8-a23b-205cdce7248f,sms,Sample sms for opportunity 65376c6e-c11a-40c8-a23b-205cdce7248f,2025-06-01 10:00:00
5199b6e6-1eb9-40e4-9a16-ebe0a18bd078,call,Sample call for opportunity 5199b6e6-1eb9-40e4-9a16-ebe0a18bd078,2025-06-01 10:00:00
5199b6e6-1eb9-40e4-9a16-ebe0a18bd078,sms,Sample sms for opportunity 5199b6e6-1eb9-40e4-9a16-ebe0a18bd078,2025-06-01 10:00:00
1eec7b92-e872-4bc0-b706-37b8b07f074c,call,Sample call for opportunity 1eec7b92-e872-4bc0-b706-37b8b07f074c,2025-06-01 10:00:00
1eec7b92-e872-4bc0-b706-37b8b07f074c,sms,Sample sms for opportunity 1eec7b92-e872-4bc0-b706-37b8b07f074c,2025-06-01 10:00:00
e724c51f-61b5-4d14-99bf-2c31516f785c,call,Sample call for opportunity e724c51f-61b5-4d14-99bf-2c31516f785c,2025-06-01 10:00:00
e724c51f-61b5-4d14-99bf-2c31516f785c,sms,Sample sms for opportunity e724c51f-61b5-4d14-99bf-2c31516f785c,2025-06-01 10:00:00
511a615e-c9c3-4c8f-b38a-ea4f805a1b23,call,Sample call for opportunity 511a615e-c9c3-4c8f-b38a-ea4f805a1b23,2025-06-01 10:00:00
511a615e-c9c3-4c8f-b38a-ea4f805a1b23,sms,Sample sms for opportunity 511a615e-c9c3-4c8f-b38a-ea4f805a1b23,2025-06-01 10:00:00
c659002c-02a3-4bf0-b30e-79f7145e9f94,call,Sample call for opportunity c659002c-02a3-4bf0-b30e-79f7145e9f94,2025-06-01 10:00:00
c659002c-02a3-4bf0-b30e-79f7145e9f94,sms,Sample sms for opportunity c659002c-02a3-4bf0-b30e-79f7145e9f94,2025-06-01 10:00:00
bc671291-fe94-4d5b-b058-c1ae7180709c,call,Sample call for opportunity bc671291-fe94-4d5b-b058-c1ae7180709c,2025-06-01 10:00:00
bc671291-fe94-4d5b-b058-c1ae7180709c,sms,Sample sms for opportunity bc671291-fe94-4d5b-b058-c1ae7180709c,2025-06-01 10:00:00
bd49afd6-6d3f-429d-aee2-3d0f338fecaf,call,Sample call for opportunity bd49afd6-6d3f-429d-aee2-3d0f338fecaf,2025-06-01 10:00:00
bd49afd6-6d3f-429d-aee2-3d0f338fecaf,sms,Sample sms for opportunity bd49afd6-6d3f-429d-aee2-3d0f338fecaf,2025-06-01 10:00:00
7d3856f6-170c-49f3-9ee9-2292a8467d04,call,Sample call for opportunity 7d3856f6-170c-49f3-9ee9-2292a8467d04,2025-06-01 10:00:00
7d3856f6-170c-49f3-9ee9-2292a8467d04,sms,Sample sms for opportunity 7d3856f6-170c-49f3-9ee9-2292a8467d04,2025-06-01 10:00:00
81687787-5cb3-4c14-983b-2020187bc066,call,Sample call for opportunity 81687787-5cb3-4c14-983b-2020187bc066,2025-06-01 10:00:00
81687787-5cb3-4c14-983b-2020187bc066,sms,Sample sms for opportunity 81687787-5cb3-4c14-983b-2020187bc066,2025-06-01 10:00:00
62ca4b95-154c-4d29-b12e-9d54442619df,call,Sample call for opportunity 62ca4b95-154c-4d29-b12e-9d54442619df,2025-06-01 10:00:00
62ca4b95-154c-4d29-b12e-9d54442619df,sms,Sample sms for opportunity 62ca4b95-154c-4d29-b12e-9d54442619df,2025-06-01 10:00:00
abebcf30-9de8-4226-bd1d-441b631fb91e,call,Sample call for opportunity abebcf30-9de8-4226-bd1d-441b631fb91e,2025-06-01 10:00:00
abebcf30-9de8-4226-bd1d-441b631fb91e,sms,Sample sms for opportunity abebcf30-9de8-4226-bd1d-441b631fb91e,2025-06-01 10:00:00
9a1c87ab-9490-4ba6-b997-02704d2d3300,call,Sample call for opportunity 9a1c87ab-9490-4ba6-b997-02704d2d3300,2025-06-01 10:00:00
9a1c87ab-9490-4ba6-b997-02704d2d3300,sms,Sample sms for opportunity 9a1c87ab-9490-4ba6-b997-02704d2d3300,2025-06-01 10:00:00
e6106458-8ff4-4807-9ae0-a835aa836bdf,call,Sample call for opportunity e6106458-8ff4-4807-9ae0-a835aa836bdf,2025-06-01 10:00:00
e6106458-8ff4-4807-9ae0-a835aa836bdf,sms,Sample sms for opportunity e6106458-8ff4-4807-9ae0-a835aa836bdf,2025-06-01 10:00:00
914bff17-a468-4797-b9ab-5a5292eb0216,call,Sample call for opportunity 914bff17-a468-4797-b9ab-5a5292eb0216,2025-06-01 10:00:00
914bff17-a468-4797-b9ab-5a5292eb0216,sms,Sample sms for opportunity 914bff17-a468-4797-b9ab-5a5292eb0216,2025-06-01 10:00:00
7d0f75bc-2158-4924-b882-ea352931f23a,call,Sample call for opportunity 7d0f75bc-2158-4924-b882-ea352931f23a,2025-06-01 10:00:00
7d0f75bc-2158-4924-b882-ea352931f23a,sms,Sample sms for opportunity 7d0f75bc-2158-4924-b882-ea352931f23a,2025-06-01 10:00:00
1b76e47e-aa2e-4523-b8c7-02ddc477950f,call,Sample call for opportunity 1b76e47e-aa2e-4523-b8c7-02ddc477950f,2025-06-01 10:00:00
1b76e47e-aa2e-4523-b8c7-02ddc477950f,sms,Sample sms for opportunity 1b76e47e-aa2e-4523-b8c7-02ddc477950f,2025-06-01 10:00:00
481bfabc-0714-4470-b569-e1c0944524dc,call,Sample call for opportunity 481bfabc-0714-4470-b569-e1c0944524dc,2025-06-01 10:00:00
481bfabc-0714-4470-b569-e1c0944524dc,sms,Sample sms for opportunity 481bfabc-0714-4470-b569-e1c0944524dc,2025-06-01 10:00:00
7efab7b2-b0de-4e0c-8a8a-f6d6bd0b6498,call,Sample call for opportunity 7efab7b2-b0de-4e0c-8a8a-f6d6bd0b6498,2025-06-01 10:00:00
7efab7b2-b0de-4e0c-8a8a-f6d6bd0b6498,sms,Sample sms for opportunity 7efab7b2-b0de-4e0c-8a8a-f6d6bd0b6498,2025-06-01 10:00:00
edfdb266-1330-4bab-81af-056a942b2619,call,Sample call for opportunity edfdb266-1330-4bab-81af-056a942b2619,2025-06-01 10:00:00
edfdb266-1330-4bab-81af-056a942b2619,sms,Sample sms for opportunity edfdb266-1330-4bab-81af-056a942b2619,2025-06-01 10:00:00
77575d80-c96d-4773-816c-8f708e400ac3,call,Sample call for opportunity 77575d80-c96d-4773-816c-8f708e400ac3,2025-06-01 10:00:00
77575d80-c96d-4773-816c-8f708e400ac3,sms,Sample sms for opportunity 77575d80-c96d-4773-816c-8f708e400ac3,2025-06-01 10:00:00
624d11e4-0b53-475a-a15f-5834f60a0d66,call,Sample call for opportunity 624d11e4-0b53-475a-a15f-5834f60a0d66,2025-06-01 10:00:00
624d11e4-0b53-475a-a15f-5834f60a0d66,sms,Sample sms for opportunity 624d11e4-0b53-475a-a15f-5834f60a0d66,2025-06-01 10:00:00
aa08dc2c-f1fe-49b8-9e31-f340f734057a,call,Sample call for opportunity aa08dc2c-f1fe-49b8-9e31-f340f734057a,2025-06-01 10:00:00
aa08dc2c-f1fe-49b8-9e31-f340f734057a,sms,Sample sms for opportunity aa08dc2c-f1fe-49b8-9e31-f340f734057a,2025-06-01 10:00:00
5892fabf-d6af-4e22-a0e0-96bfc6623959,call,Sample call for opportunity 5892fabf-d6af-4e22-a0e0-96bfc6623959,2025-06-01 10:00:00
5892fabf-d6af-4e22-a0e0-96bfc6623959,sms,Sample sms for opportunity 5892fabf-d6af-4e22-a0e0-96bfc6623959,2025-06-01 10:00:00
98fbd0ae-9a9c-40aa-be5a-3f3154a4f8d8,call,Sample call for opportunity 98fbd0ae-9a9c-40aa-be5a-3f3154a4f8d8,2025-06-01 10:00:00
98fbd0ae-9a9c-40aa-be5a-3f3154a4f8d8,sms,Sample sms for opportunity 98fbd0ae-9a9c-40aa-be5a-3f3154a4f8d8,2025-06-01 10:00:00
ec8608ad-ecc1-4ff7-975d-758e04f9e7e7,call,Sample call for opportunity ec8608ad-ecc1-4ff7-975d-758e04f9e7e7,2025-06-01 10:00:00
ec8608ad-ecc1-4ff7-975d-758e04f9e7e7,sms,Sample sms for opportunity ec8608ad-ecc1-4ff7-975d-758e04f9e7e7,2025-06-01 10:00:00
d11309a9-62db-4df6-968f-3d9e3b3478ee,call,Sample call for opportunity d11309a9-62db-4df6-968f-3d9e3b3478ee,2025-06-01 10:00:00
d11309a9-62db-4df6-968f-3d9e3b3478ee,sms,Sample sms for opportunity d11309a9-62db-4df6-968f-3d9e3b3478ee,2025-06-01 10:00:00
0d8f961b-dad5-471a-bf43-bad21230de40,call,Sample call for opportunity 0d8f961b-dad5-471a-bf43-bad21230de40,2025-06-01 10:00:00
0d8f961b-dad5-471a-bf43-bad21230de40,sms,Sample sms for opportunity 0d8f961b-dad5-471a-bf43-bad21230de40,2025-06-01 10:00:00
952f8852-a543-4788-9b72-a9ff5c23e052,call,Sample call for opportunity 952f8852-a543-4788-9b72-a9ff5c23e052,2025-06-01 10:00:00
952f8852-a543-4788-9b72-a9ff5c23e052,sms,Sample sms for opportunity 952f8852-a543-4788-9b72-a9ff5c23e052,2025-06-01 10:00:00
4786b84b-d129-41de-956c-b44161af7eb9,call,Sample call for opportunity 4786b84b-d129-41de-956c-b44161af7eb9,2025-06-01 10:00:00
4786b84b-d129-41de-956c-b44161af7eb9,sms,Sample sms for opportunity 4786b84b-d129-41de-956c-b44161af7eb9,2025-06-01 10:00:00
966d612b-32f5-454c-8a8b-03f4f321873f,call,Sample call for opportunity 966d612b-32f5-454c-8a8b-03f4f321873f,2025-06-01 10:00:00
966d612b-32f5-454c-8a8b-03f4f321873f,sms,Sample sms for opportunity 966d612b-32f5-454c-8a8b-03f4f321873f,2025-06-01 10:00:00
55c069fc-2b2d-4f6d-a271-e2264bc70c6e,call,Sample call for opportunity 55c069fc-2b2d-4f6d-a271-e2264bc70c6e,2025-06-01 10:00:00
55c069fc-2b2d-4f6d-a271-e2264bc70c6e,sms,Sample sms for opportunity 55c069fc-2b2d-4f6d-a271-e2264bc70c6e,2025-06-01 10:00:00
2d19633a-fdf9-43dc-8cd5-96c38911bfab,call,Sample call for opportunity 2d19633a-fdf9-43dc-8cd5-96c38911bfab,2025-06-01 10:00:00
2d19633a-fdf9-43dc-8cd5-96c38911bfab,sms,Sample sms for opportunity 2d19633a-fdf9-43dc-8cd5-96c38911bfab,2025-06-01 10:00:00
c900274e-f44f-48df-8733-023cadbac71f,call,Sample call for opportunity c900274e-f44f-48df-8733-023cadbac71f,2025-06-01 10:00:00
c900274e-f44f-48df-8733-023cadbac71f,sms,Sample sms for opportunity c900274e-f44f-48df-8733-023cadbac71f,2025-06-01 10:00:00
ec5653e1-d0e9-447a-9f91-44b5b1166a0a,call,Sample call for opportunity ec5653e1-d0e9-447a-9f91-44b5b1166a0a,2025-06-01 10:00:00
ec5653e1-d0e9-447a-9f91-44b5b1166a0a,sms,Sample sms for opportunity ec5653e1-d0e9-447a-9f91-44b5b1166a0a,2025-06-01 10:00:00
bc707732-8105-4f68-9e95-1d1e476335aa,call,Sample call for opportunity bc707732-8105-4f68-9e95-1d1e476335aa,2025-06-01 10:00:00
bc707732-8105-4f68-9e95-1d1e476335aa,sms,Sample sms for opportunity bc707732-8105-4f68-9e95-1d1e476335aa,2025-06-01 10:00:00
f6af9589-9b9c-4963-8ebd-b24685f8f4f2,call,Sample call for opportunity f6af9589-9b9c-4963-8ebd-b24685f8f4f2,2025-06-01 10:00:00
f6af9589-9b9c-4963-8ebd-b24685f8f4f2,sms,Sample sms for opportunity f6af9589-9b9c-4963-8ebd-b24685f8f4f2,2025-06-01 10:00:00
f284f064-910b-470b-94ee-66d1ba850a37,call,Sample call for opportunity f284f064-910b-470b-94ee-66d1ba850a37,2025-06-01 10:00:00
f284f064-910b-470b-94ee-66d1ba850a37,sms,Sample sms for opportunity f284f064-910b-470b-94ee-66d1ba850a37,2025-06-01 10:00:00
1c4a38fd-552f-41f4-92f5-6ff710bb7aed,call,Sample call for opportunity 1c4a38fd-552f-41f4-92f5-6ff710bb7aed,2025-06-01 10:00:00
1c4a38fd-552f-41f4-92f5-6ff710bb7aed,sms,Sample sms for opportunity 1c4a38fd-552f-41f4-92f5-6ff710bb7aed,2025-06-01 10:00:00
e9559674-99e7-486a-a101-ef2666faf8d2,call,Sample call for opportunity e9559674-99e7-486a-a101-ef2666faf8d2,2025-06-01 10:00:00
e9559674-99e7-486a-a101-ef2666faf8d2,sms,Sample sms for opportunity e9559674-99e7-486a-a101-ef2666faf8d2,2025-06-01 10:00:00
413d4d0a-8467-43c2-b823-6f594b03e307,call,Sample call for opportunity 413d4d0a-8467-43c2-b823-6f594b03e307,2025-06-01 10:00:00
413d4d0a-8467-43c2-b823-6f594b03e307,sms,Sample sms for opportunity 413d4d0a-8467-43c2-b823-6f594b03e307,2025-06-01 10:00:00
838dff9e-33a0-4f44-b2d3-213084657978,call,Sample call for opportunity 838dff9e-33a0-4f44-b2d3-213084657978,2025-06-01 10:00:00
838dff9e-33a0-4f44-b2d3-213084657978,sms,Sample sms for opportunity 838dff9e-33a0-4f44-b2d3-213084657978,2025-06-01 10:00:00
c1054205-d084-4e0e-87e9-1fbaba5efde3,call,Sample call for opportunity c1054205-d084-4e0e-87e9-1fbaba5efde3,2025-06-01 10:00:00
c1054205-d084-4e0e-87e9-1fbaba5efde3,sms,Sample sms for opportunity c1054205-d084-4e0e-87e9-1fbaba5efde3,2025-06-01 10:00:00
57f97c28-437e-48f3-8f7f-988cd77aec9f,call,Sample call for opportunity 57f97c28-437e-48f3-8f7f-988cd77aec9f,2025-06-01 10:00:00
57f97c28-437e-48f3-8f7f-988cd77aec9f,sms,Sample sms for opportunity 57f97c28-437e-48f3-8f7f-988cd77aec9f,2025-06-01 10:00:00
75df6bc6-371f-460f-8c4e-d4fbc510f691,call,Sample call for opportunity 75df6bc6-371f-460f-8c4e-d4fbc510f691,2025-06-01 10:00:00
75df6bc6-371f-460f-8c4e-d4fbc510f691,sms,Sample sms for opportunity 75df6bc6-371f-460f-8c4e-d4fbc510f691,2025-06-01 10:00:00
f22b801a-e83e-4433-a96f-5f90914ef412,call,Sample call for opportunity f22b801a-e83e-4433-a96f-5f90914ef412,2025-06-01 10:00:00
f22b801a-e83e-4433-a96f-5f90914ef412,sms,Sample sms for opportunity f22b801a-e83e-4433-a96f-5f90914ef412,2025-06-01 10:00:00
70e882fa-0008-4271-8cd4-9fc2079dc063,call,Sample call for opportunity 70e882fa-0008-4271-8cd4-9fc2079dc063,2025-06-01 10:00:00
70e882fa-0008-4271-8cd4-9fc2079dc063,sms,Sample sms for opportunity 70e882fa-0008-4271-8cd4-9fc2079dc063,2025-06-01 10:00:00
46349745-9cbe-4a87-af9d-0a786cf76475,call,Sample call for opportunity 46349745-9cbe-4a87-af9d-0a786cf76475,2025-06-01 10:00:00
46349745-9cbe-4a87-af9d-0a786cf76475,sms,Sample sms for opportunity 46349745-9cbe-4a87-af9d-0a786cf76475,2025-06-01 10:00:00
c16ba3ee-80b4-44ed-bb43-2366e9748262,call,Sample call for opportunity c16ba3ee-80b4-44ed-bb43-2366e9748262,2025-06-01 10:00:00
c16ba3ee-80b4-44ed-bb43-2366e9748262,sms,Sample sms for opportunity c16ba3ee-80b4-44ed-bb43-2366e9748262,2025-06-01 10:00:00
87a4eaaf-fdf6-4875-8a3e-385adf09d694,call,Sample call for opportunity 87a4eaaf-fdf6-4875-8a3e-385adf09d694,2025-06-01 10:00:00
87a4eaaf-fdf6-4875-8a3e-385adf09d694,sms,Sample sms for opportunity 87a4eaaf-fdf6-4875-8a3e-385adf09d694,2025-06-01 10:00:00
1764cc1b-8971-47e7-a6c8-debcc6de8c48,call,Sample call for opportunity 1764cc1b-8971-47e7-a6c8-debcc6de8c48,2025-06-01 10:00:00
1764cc1b-8971-47e7-a6c8-debcc6de8c48,sms,Sample sms for opportunity 1764cc1b-8971-47e7-a6c8-debcc6de8c48,2025-06-01 10:00:00
9337b79f-ae46-4191-928a-895cdeebb971,call,Sample call for opportunity 9337b79f-ae46-4191-928a-895cdeebb971,2025-06-01 10:00:00
9337b79f-ae46-4191-928a-895cdeebb971,sms,Sample sms for opportunity 9337b79f-ae46-4191-928a-895cdeebb971,2025-06-01 10:00:00
5c0db6be-ba0e-4cac-9c2e-c7039cb4b515,call,Sample call for opportunity 5c0db6be-ba0e-4cac-9c2e-c7039cb4b515,2025-06-01 10:00:00
5c0db6be-ba0e-4cac-9c2e-c7039cb4b515,sms,Sample sms for opportunity 5c0db6be-ba0e-4cac-9c2e-c7039cb4b515,2025-06-01 10:00:00
39030e86-5ec6-41af-8927-70f476be20d1,call,Sample call for opportunity 39030e86-5ec6-41af-8927-70f476be20d1,2025-06-01 10:00:00
39030e86-5ec6-41af-8927-70f476be20d1,sms,Sample sms for opportunity 39030e86-5ec6-41af-8927-70f476be20d1,2025-06-01 10:00:00
98e732a3-e681-4976-8970-5bd723e14474,call,Sample call for opportunity 98e732a3-e681-4976-8970-5bd723e14474,2025-06-01 10:00:00
98e732a3-e681-4976-8970-5bd723e14474,sms,Sample sms for opportunity 98e732a3-e681-4976-8970-5bd723e14474,2025-06-01 10:00:00
256445b6-f27d-4d8f-89a8-25dcadc51181,call,Sample call for opportunity 256445b6-f27d-4d8f-89a8-25dcadc51181,2025-06-01 10:00:00
256445b6-f27d-4d8f-89a8-25dcadc51181,sms,Sample sms for opportunity 256445b6-f27d-4d8f-89a8-25dcadc51181,2025-06-01 10:00:00
6d146b4c-40d4-4808-9d03-78c827df8215,call,Sample call for opportunity 6d146b4c-40d4-4808-9d03-78c827df8215,2025-06-01 10:00:00
6d146b4c-40d4-4808-9d03-78c827df8215,sms,Sample sms for opportunity 6d146b4c-40d4-4808-9d03-78c827df8215,2025-06-01 10:00:00
d33fcd3f-1221-4a27-ac66-16269ab21a52,call,Sample call for opportunity d33fcd3f-1221-4a27-ac66-16269ab21a52,2025-06-01 10:00:00
d33fcd3f-1221-4a27-ac66-16269ab21a52,sms,Sample sms for opportunity d33fcd3f-1221-4a27-ac66-16269ab21a52,2025-06-01 10:00:00
8ec2a4e4-d9f8-4ebe-a96e-15adf41de029,call,Sample call for opportunity 8ec2a4e4-d9f8-4ebe-a96e-15adf41de029,2025-06-01 10:00:00
8ec2a4e4-d9f8-4ebe-a96e-15adf41de029,sms,Sample sms for opportunity 8ec2a4e4-d9f8-4ebe-a96e-15adf41de029,2025-06-01 10:00:00
0881a4d7-c70c-4f69-b9e2-364b7824998b,call,Sample call for opportunity 0881a4d7-c70c-4f69-b9e2-364b7824998b,2025-06-01 10:00:00
0881a4d7-c70c-4f69-b9e2-364b7824998b,sms,Sample sms for opportunity 0881a4d7-c70c-4f69-b9e2-364b7824998b,2025-06-01 10:00:00
4cdd9788-7d2c-4515-b92c-d23ada64a183,call,Sample call for opportunity 4cdd9788-7d2c-4515-b92c-d23ada64a183,2025-06-01 10:00:00
4cdd9788-7d2c-4515-b92c-d23ada64a183,sms,Sample sms for opportunity 4cdd9788-7d2c-4515-b92c-d23ada64a183,2025-06-01 10:00:00
71f36568-50e8-446f-b52e-6436af80d39b,call,Sample call for opportunity 71f36568-50e8-446f-b52e-6436af80d39b,2025-06-01 10:00:00
71f36568-50e8-446f-b52e-6436af80d39b,sms,Sample sms for opportunity 71f36568-50e8-446f-b52e-6436af80d39b,2025-06-01 10:00:00
4490482c-2ef5-4121-9d6d-b6ceff55cbbb,call,Sample call for opportunity 4490482c-2ef5-4121-9d6d-b6ceff55cbbb,2025-06-01 10:00:00
4490482c-2ef5-4121-9d6d-b6ceff55cbbb,sms,Sample sms for opportunity 4490482c-2ef5-4121-9d6d-b6ceff55cbbb,2025-06-01 10:00:00
9500e8c7-286d-4481-87c5-367f0e13d3c1,call,Sample call for opportunity 9500e8c7-286d-4481-87c5-367f0e13d3c1,2025-06-01 10:00:00
9500e8c7-286d-4481-87c5-367f0e13d3c1,sms,Sample sms for opportunity 9500e8c7-286d-4481-87c5-367f0e13d3c1,2025-06-01 10:00:00
6ceb6e84-2f56-4938-8bbd-5808cf8f14f9,call,Sample call for opportunity 6ceb6e84-2f56-4938-8bbd-5808cf8f14f9,2025-06-01 10:00:00
6ceb6e84-2f56-4938-8bbd-5808cf8f14f9,sms,Sample sms for opportunity 6ceb6e84-2f56-4938-8bbd-5808cf8f14f9,2025-06-01 10:00:00
b482a8dc-6c10-4196-b009-befa49206bce,call,Sample call for opportunity b482a8dc-6c10-4196-b009-befa49206bce,2025-06-01 10:00:00
b482a8dc-6c10-4196-b009-befa49206bce,sms,Sample sms for opportunity b482a8dc-6c10-4196-b009-befa49206bce,2025-06-01 10:00:00
5a6e5b3c-c06f-434f-97ce-4271e71d4927,call,Sample call for opportunity 5a6e5b3c-c06f-434f-97ce-4271e71d4927,2025-06-01 10:00:00
5a6e5b3c-c06f-434f-97ce-4271e71d4927,sms,Sample sms for opportunity 5a6e5b3c-c06f-434f-97ce-4271e71d4927,2025-06-01 10:00:00
2a91d921-2cc2-4832-807e-7efeee6c0ea7,call,Sample call for opportunity 2a91d921-2cc2-4832-807e-7efeee6c0ea7,2025-06-01 10:00:00
2a91d921-2cc2-4832-807e-7efeee6c0ea7,sms,Sample sms for opportunity 2a91d921-2cc2-4832-807e-7efeee6c0ea7,2025-06-01 10:00:00
a598c57a-45f7-471e-9ebc-d0bbd12add0c,call,Sample call for opportunity a598c57a-45f7-471e-9ebc-d0bbd12add0c,2025-06-01 10:00:00
a598c57a-45f7-471e-9ebc-d0bbd12add0c,sms,Sample sms for opportunity a598c57a-45f7-471e-9ebc-d0bbd12add0c,2025-06-01 10:00:00
52ba5fe3-5825-47f8-b743-83694cdcb3d8,call,Sample call for opportunity 52ba5fe3-5825-47f8-b743-83694cdcb3d8,2025-06-01 10:00:00
52ba5fe3-5825-47f8-b743-83694cdcb3d8,sms,Sample sms for opportunity 52ba5fe3-5825-47f8-b743-83694cdcb3d8,2025-06-01 10:00:00
be78ef9d-ce57-4b8e-a96a-622405af6b69,call,Sample call for opportunity be78ef9d-ce57-4b8e-a96a-622405af6b69,2025-06-01 10:00:00
be78ef9d-ce57-4b8e-a96a-622405af6b69,sms,Sample sms for opportunity be78ef9d-ce57-4b8e-a96a-622405af6b69,2025-06-01 10:00:00
eac9e5fc-9604-4fb4-9527-8f8bc98e45ad,call,Sample call for opportunity eac9e5fc-9604-4fb4-9527-8f8bc98e45ad,2025-06-01 10:00:00
eac9e5fc-9604-4fb4-9527-8f8bc98e45ad,sms,Sample sms for opportunity eac9e5fc-9604-4fb4-9527-8f8bc98e45ad,2025-06-01 10:00:00
454e5337-604d-42e8-9f0d-e4d30b39b576,call,Sample call for opportunity 454e5337-604d-42e8-9f0d-e4d30b39b576,2025-06-01 10:00:00
454e5337-604d-42e8-9f0d-e4d30b39b576,sms,Sample sms for opportunity 454e5337-604d-42e8-9f0d-e4d30b39b576,2025-06-01 10:00:00
90e84170-3b49-429b-a80d-61466342cfbd,call,Sample call for opportunity 90e84170-3b49-429b-a80d-61466342cfbd,2025-06-01 10:00:00
90e84170-3b49-429b-a80d-61466342cfbd,sms,Sample sms for opportunity 90e84170-3b49-429b-a80d-61466342cfbd,2025-06-01 10:00:00
dbe766be-94e2-4609-815b-5ddec3de0581,call,Sample call for opportunity dbe766be-94e2-4609-815b-5ddec3de0581,2025-06-01 10:00:00
dbe766be-94e2-4609-815b-5ddec3de0581,sms,Sample sms for opportunity dbe766be-94e2-4609-815b-5ddec3de0581,2025-06-01 10:00:00
a04a671d-8184-4105-bfd5-0ff85e26b3b0,call,Sample call for opportunity a04a671d-8184-4105-bfd5-0ff85e26b3b0,2025-06-01 10:00:00
a04a671d-8184-4105-bfd5-0ff85e26b3b0,sms,Sample sms for opportunity a04a671d-8184-4105-bfd5-0ff85e26b3b0,2025-06-01 10:00:00
9a19bf2e-de39-44bc-8cef-ed5b0ed73e4d,call,Sample call for opportunity 9a19bf2e-de39-44bc-8cef-ed5b0ed73e4d,2025-06-01 10:00:00
9a19bf2e-de39-44bc-8cef-ed5b0ed73e4d,sms,Sample sms for opportunity 9a19bf2e-de39-44bc-8cef-ed5b0ed73e4d,2025-06-01 10:00:00
2ca75d23-597d-425e-a565-6bbb18d1ad6c,call,Sample call for opportunity 2ca75d23-597d-425e-a565-6bbb18d1ad6c,2025-06-01 10:00:00
2ca75d23-597d-425e-a565-6bbb18d1ad6c,sms,Sample sms for opportunity 2ca75d23-597d-425e-a565-6bbb18d1ad6c,2025-06-01 10:00:00
4c3757bb-f436-4843-8d04-3e0ef1adc1f4,call,Sample call for opportunity 4c3757bb-f436-4843-8d04-3e0ef1adc1f4,2025-06-01 10:00:00
4c3757bb-f436-4843-8d04-3e0ef1adc1f4,sms,Sample sms for opportunity 4c3757bb-f436-4843-8d04-3e0ef1adc1f4,2025-06-01 10:00:00
d27fb4d4-0417-4893-82b8-e5bda1e9a079,call,Sample call for opportunity d27fb4d4-0417-4893-82b8-e5bda1e9a079,2025-06-01 10:00:00
d27fb4d4-0417-4893-82b8-e5bda1e9a079,sms,Sample sms for opportunity d27fb4d4-0417-4893-82b8-e5bda1e9a079,2025-06-01 10:00:00
f3b9bf06-6580-4023-8c54-9a86f65db0ce,call,Sample call for opportunity f3b9bf06-6580-4023-8c54-9a86f65db0ce,2025-06-01 10:00:00
f3b9bf06-6580-4023-8c54-9a86f65db0ce,sms,Sample sms for opportunity f3b9bf06-6580-4023-8c54-9a86f65db0ce,2025-06-01 10:00:00
4ca414b7-85f8-44c5-903f-d8e89cb3f1c0,call,Sample call for opportunity 4ca414b7-85f8-44c5-903f-d8e89cb3f1c0,2025-06-01 10:00:00
4ca414b7-85f8-44c5-903f-d8e89cb3f1c0,sms,Sample sms for opportunity 4ca414b7-85f8-44c5-903f-d8e89cb3f1c0,2025-06-01 10:00:00
4261080a-f06d-4d0f-9828-95f896a5f042,call,Sample call for opportunity 4261080a-f06d-4d0f-9828-95f896a5f042,2025-06-01 10:00:00
4261080a-f06d-4d0f-9828-95f896a5f042,sms,Sample sms for opportunity 4261080a-f06d-4d0f-9828-95f896a5f042,2025-06-01 10:00:00
7ecd0d00-aeed-4dc6-9bf4-fd0a2abae75b,call,Sample call for opportunity 7ecd0d00-aeed-4dc6-9bf4-fd0a2abae75b,2025-06-01 10:00:00
7ecd0d00-aeed-4dc6-9bf4-fd0a2abae75b,sms,Sample sms for opportunity 7ecd0d00-aeed-4dc6-9bf4-fd0a2abae75b,2025-06-01 10:00:00
37632b20-8f45-430e-8a37-8e3dbd741fc3,call,Sample call for opportunity 37632b20-8f45-430e-8a37-8e3dbd741fc3,2025-06-01 10:00:00
37632b20-8f45-430e-8a37-8e3dbd741fc3,sms,Sample sms for opportunity 37632b20-8f45-430e-8a37-8e3dbd741fc3,2025-06-01 10:00:00
a24e4166-2dd3-4149-ba86-77a4976b75f4,call,Sample call for opportunity a24e4166-2dd3-4149-ba86-77a4976b75f4,2025-06-01 10:00:00
a24e4166-2dd3-4149-ba86-77a4976b75f4,sms,Sample sms for opportunity a24e4166-2dd3-4149-ba86-77a4976b75f4,2025-06-01 10:00:00
fd9c9c22-08b0-42a7-88c9-fc0612ff8d25,call,Sample call for opportunity fd9c9c22-08b0-42a7-88c9-fc0612ff8d25,2025-06-01 10:00:00
fd9c9c22-08b0-42a7-88c9-fc0612ff8d25,sms,Sample sms for opportunity fd9c9c22-08b0-42a7-88c9-fc0612ff8d25,2025-06-01 10:00:00
d5281962-6ce1-4b64-a604-bda6b3ac7b28,call,Sample call for opportunity d5281962-6ce1-4b64-a604-bda6b3ac7b28,2025-06-01 10:00:00
d5281962-6ce1-4b64-a604-bda6b3ac7b28,sms,Sample sms for opportunity d5281962-6ce1-4b64-a604-bda6b3ac7b28,2025-06-01 10:00:00
f3dbc995-5674-4165-9baf-71b960ab8755,call,Sample call for opportunity f3dbc995-5674-4165-9baf-71b960ab8755,2025-06-01 10:00:00
f3dbc995-5674-4165-9baf-71b960ab8755,sms,Sample sms for opportunity f3dbc995-5674-4165-9baf-71b960ab8755,2025-06-01 10:00:00
3f9b446c-cf53-45dd-8a25-bf377ec24ca9,call,Sample call for opportunity 3f9b446c-cf53-45dd-8a25-bf377ec24ca9,2025-06-01 10:00:00
3f9b446c-cf53-45dd-8a25-bf377ec24ca9,sms,Sample sms for opportunity 3f9b446c-cf53-45dd-8a25-bf377ec24ca9,2025-06-01 10:00:00
53dfaff5-42f0-4932-a8b4-dbb0258529e7,call,Sample call for opportunity 53dfaff5-42f0-4932-a8b4-dbb0258529e7,2025-06-01 10:00:00
53dfaff5-42f0-4932-a8b4-dbb0258529e7,sms,Sample sms for opportunity 53dfaff5-42f0-4932-a8b4-dbb0258529e7,2025-06-01 10:00:00
1c011f15-c24f-4df0-bb68-dae9e871c7b7,call,Sample call for opportunity 1c011f15-c24f-4df0-bb68-dae9e871c7b7,2025-06-01 10:00:00
1c011f15-c24f-4df0-bb68-dae9e871c7b7,sms,Sample sms for opportunity 1c011f15-c24f-4df0-bb68-dae9e871c7b7,2025-06-01 10:00:00
cc3c811d-afc1-41b8-ae49-eee87c663d42,call,Sample call for opportunity cc3c811d-afc1-41b8-ae49-eee87c663d42,2025-06-01 10:00:00
cc3c811d-afc1-41b8-ae49-eee87c663d42,sms,Sample sms for opportunity cc3c811d-afc1-41b8-ae49-eee87c663d42,2025-06-01 10:00:00
4cb5e884-e20b-4a64-8a7e-24a71766885d,call,Sample call for opportunity 4cb5e884-e20b-4a64-8a7e-24a71766885d,2025-06-01 10:00:00
4cb5e884-e20b-4a64-8a7e-24a71766885d,sms,Sample sms for opportunity 4cb5e884-e20b-4a64-8a7e-24a71766885d,2025-06-01 10:00:00
5cb4d971-9ac4-4b08-9f87-74e980c7e8bc,call,Sample call for opportunity 5cb4d971-9ac4-4b08-9f87-74e980c7e8bc,2025-06-01 10:00:00
5cb4d971-9ac4-4b08-9f87-74e980c7e8bc,sms,Sample sms for opportunity 5cb4d971-9ac4-4b08-9f87-74e980c7e8bc,2025-06-01 10:00:00
b64f49e7-cbd6-4287-8263-14805621a58d,call,Sample call for opportunity b64f49e7-cbd6-4287-8263-14805621a58d,2025-06-01 10:00:00
b64f49e7-cbd6-4287-8263-14805621a58d,sms,Sample sms for opportunity b64f49e7-cbd6-4287-8263-14805621a58d,2025-06-01 10:00:00
6e0f8fbc-c6d7-4c18-afba-ac4ba937dbd4,call,Sample call for opportunity 6e0f8fbc-c6d7-4c18-afba-ac4ba937dbd4,2025-06-01 10:00:00
6e0f8fbc-c6d7-4c18-afba-ac4ba937dbd4,sms,Sample sms for opportunity 6e0f8fbc-c6d7-4c18-afba-ac4ba937dbd4,2025-06-01 10:00:00
26f22e5e-71f0-4997-81b2-40009f422888,call,Sample call for opportunity 26f22e5e-71f0-4997-81b2-40009f422888,2025-06-01 10:00:00
26f22e5e-71f0-4997-81b2-40009f422888,sms,Sample sms for opportunity 26f22e5e-71f0-4997-81b2-40009f422888,2025-06-01 10:00:00
a7d7d3f2-8505-447d-b190-271dc6ceac34,call,Sample call for opportunity a7d7d3f2-8505-447d-b190-271dc6ceac34,2025-06-01 10:00:00
a7d7d3f2-8505-447d-b190-271dc6ceac34,sms,Sample sms for opportunity a7d7d3f2-8505-447d-b190-271dc6ceac34,2025-06-01 10:00:00
208a9367-3495-4152-8046-b807d6f4b8ea,call,Sample call for opportunity 208a9367-3495-4152-8046-b807d6f4b8ea,2025-06-01 10:00:00
208a9367-3495-4152-8046-b807d6f4b8ea,sms,Sample sms for opportunity 208a9367-3495-4152-8046-b807d6f4b8ea,2025-06-01 10:00:00
5367bdbe-ec10-44c2-aa07-e70fa7342716,call,Sample call for opportunity 5367bdbe-ec10-44c2-aa07-e70fa7342716,2025-06-01 10:00:00
5367bdbe-ec10-44c2-aa07-e70fa7342716,sms,Sample sms for opportunity 5367bdbe-ec10-44c2-aa07-e70fa7342716,2025-06-01 10:00:00
c4a45b7e-19cf-453c-8eb9-3d0156223891,call,Sample call for opportunity c4a45b7e-19cf-453c-8eb9-3d0156223891,2025-06-01 10:00:00
c4a45b7e-19cf-453c-8eb9-3d0156223891,sms,Sample sms for opportunity c4a45b7e-19cf-453c-8eb9-3d0156223891,2025-06-01 10:00:00
372971de-0389-447a-aa44-f0adf4f98d89,call,Sample call for opportunity 372971de-0389-447a-aa44-f0adf4f98d89,2025-06-01 10:00:00
372971de-0389-447a-aa44-f0adf4f98d89,sms,Sample sms for opportunity 372971de-0389-447a-aa44-f0adf4f98d89,2025-06-01 10:00:00
8b7495c6-3503-4426-a4b5-0ea8bf61abc9,call,Sample call for opportunity 8b7495c6-3503-4426-a4b5-0ea8bf61abc9,2025-06-01 10:00:00
8b7495c6-3503-4426-a4b5-0ea8bf61abc9,sms,Sample sms for opportunity 8b7495c6-3503-4426-a4b5-0ea8bf61abc9,2025-06-01 10:00:00
456a2bc9-f816-4233-9c6e-6a613bf6a56c,call,Sample call for opportunity 456a2bc9-f816-4233-9c6e-6a613bf6a56c,2025-06-01 10:00:00
456a2bc9-f816-4233-9c6e-6a613bf6a56c,sms,Sample sms for opportunity 456a2bc9-f816-4233-9c6e-6a613bf6a56c,2025-06-01 10:00:00
475a18c1-646e-4181-b536-b25d36cce7ab,call,Sample call for opportunity 475a18c1-646e-4181-b536-b25d36cce7ab,2025-06-01 10:00:00
475a18c1-646e-4181-b536-b25d36cce7ab,sms,Sample sms for opportunity 475a18c1-646e-4181-b536-b25d36cce7ab,2025-06-01 10:00:00
911096a5-3318-4c77-88b9-f542f3a28830,call,Sample call for opportunity 911096a5-3318-4c77-88b9-f542f3a28830,2025-06-01 10:00:00
911096a5-3318-4c77-88b9-f542f3a28830,sms,Sample sms for opportunity 911096a5-3318-4c77-88b9-f542f3a28830,2025-06-01 10:00:00
8ecac518-2771-4d15-a131-99da46952575,call,Sample call for opportunity 8ecac518-2771-4d15-a131-99da46952575,2025-06-01 10:00:00
8ecac518-2771-4d15-a131-99da46952575,sms,Sample sms for opportunity 8ecac518-2771-4d15-a131-99da46952575,2025-06-01 10:00:00
5a34b3b3-547b-44f2-9636-72f4f146623e,call,Sample call for opportunity 5a34b3b3-547b-44f2-9636-72f4f146623e,2025-06-01 10:00:00
5a34b3b3-547b-44f2-9636-72f4f146623e,sms,Sample sms for opportunity 5a34b3b3-547b-44f2-9636-72f4f146623e,2025-06-01 10:00:00
1849c9df-8d2e-456f-851f-2ab52736e7a4,call,Sample call for opportunity 1849c9df-8d2e-456f-851f-2ab52736e7a4,2025-06-01 10:00:00
1849c9df-8d2e-456f-851f-2ab52736e7a4,sms,Sample sms for opportunity 1849c9df-8d2e-456f-851f-2ab52736e7a4,2025-06-01 10:00:00
512d25d5-9464-4e4f-8592-629ad499fb9d,call,Sample call for opportunity 512d25d5-9464-4e4f-8592-629ad499fb9d,2025-06-01 10:00:00
512d25d5-9464-4e4f-8592-629ad499fb9d,sms,Sample sms for opportunity 512d25d5-9464-4e4f-8592-629ad499fb9d,2025-06-01 10:00:00
89f5bcdd-3893-4499-bef6-0a83c6bc73f4,call,Sample call for opportunity 89f5bcdd-3893-4499-bef6-0a83c6bc73f4,2025-06-01 10:00:00
89f5bcdd-3893-4499-bef6-0a83c6bc73f4,sms,Sample sms for opportunity 89f5bcdd-3893-4499-bef6-0a83c6bc73f4,2025-06-01 10:00:00
274828ca-05d7-46a9-a395-6f90773623e7,call,Sample call for opportunity 274828ca-05d7-46a9-a395-6f90773623e7,2025-06-01 10:00:00
274828ca-05d7-46a9-a395-6f90773623e7,sms,Sample sms for opportunity 274828ca-05d7-46a9-a395-6f90773623e7,2025-06-01 10:00:00
7c9259a0-a19c-4669-b302-cf43974fc6ed,call,Sample call for opportunity 7c9259a0-a19c-4669-b302-cf43974fc6ed,2025-06-01 10:00:00
7c9259a0-a19c-4669-b302-cf43974fc6ed,sms,Sample sms for opportunity 7c9259a0-a19c-4669-b302-cf43974fc6ed,2025-06-01 10:00:00
f6bca445-506b-4756-a8cb-b542df44a566,call,Sample call for opportunity f6bca445-506b-4756-a8cb-b542df44a566,2025-06-01 10:00:00
f6bca445-506b-4756-a8cb-b542df44a566,sms,Sample sms for opportunity f6bca445-506b-4756-a8cb-b542df44a566,2025-06-01 10:00:00
7974fc35-fc03-4ac0-b6d0-15aab3794c59,call,Sample call for opportunity 7974fc35-fc03-4ac0-b6d0-15aab3794c59,2025-06-01 10:00:00
7974fc35-fc03-4ac0-b6d0-15aab3794c59,sms,Sample sms for opportunity 7974fc35-fc03-4ac0-b6d0-15aab3794c59,2025-06-01 10:00:00
ea713d25-f666-4980-b2b1-ea55fa002042,call,Sample call for opportunity ea713d25-f666-4980-b2b1-ea55fa002042,2025-06-01 10:00:00
ea713d25-f666-4980-b2b1-ea55fa002042,sms,Sample sms for opportunity ea713d25-f666-4980-b2b1-ea55fa002042,2025-06-01 10:00:00
f1826cbe-2f55-4666-8e7e-cdf4c462f9f2,call,Sample call for opportunity f1826cbe-2f55-4666-8e7e-cdf4c462f9f2,2025-06-01 10:00:00
f1826cbe-2f55-4666-8e7e-cdf4c462f9f2,sms,Sample sms for opportunity f1826cbe-2f55-4666-8e7e-cdf4c462f9f2,2025-06-01 10:00:00
abbfcb44-fe0e-4bd9-bfca-9f33e7f08982,call,Sample call for opportunity abbfcb44-fe0e-4bd9-bfca-9f33e7f08982,2025-06-01 10:00:00
abbfcb44-fe0e-4bd9-bfca-9f33e7f08982,sms,Sample sms for opportunity abbfcb44-fe0e-4bd9-bfca-9f33e7f08982,2025-06-01 10:00:00
58ec079d-ff9e-453a-b456-77d2dfa1c0ef,call,Sample call for opportunity 58ec079d-ff9e-453a-b456-77d2dfa1c0ef,2025-06-01 10:00:00
58ec079d-ff9e-453a-b456-77d2dfa1c0ef,sms,Sample sms for opportunity 58ec079d-ff9e-453a-b456-77d2dfa1c0ef,2025-06-01 10:00:00
439be4a4-b1ce-4b6f-8966-e2235aee92df,call,Sample call for opportunity 439be4a4-b1ce-4b6f-8966-e2235aee92df,2025-06-01 10:00:00
439be4a4-b1ce-4b6f-8966-e2235aee92df,sms,Sample sms for opportunity 439be4a4-b1ce-4b6f-8966-e2235aee92df,2025-06-01 10:00:00
96b761d5-ed3a-4761-a481-76a4273fce27,call,Sample call for opportunity 96b761d5-ed3a-4761-a481-76a4273fce27,2025-06-01 10:00:00
96b761d5-ed3a-4761-a481-76a4273fce27,sms,Sample sms for opportunity 96b761d5-ed3a-4761-a481-76a4273fce27,2025-06-01 10:00:00
64d5b743-4343-417b-b280-55f1e7726058,call,Sample call for opportunity 64d5b743-4343-417b-b280-55f1e7726058,2025-06-01 10:00:00
64d5b743-4343-417b-b280-55f1e7726058,sms,Sample sms for opportunity 64d5b743-4343-417b-b280-55f1e7726058,2025-06-01 10:00:00
192dade5-1ad6-40cf-a282-14e684980058,call,Sample call for opportunity 192dade5-1ad6-40cf-a282-14e684980058,2025-06-01 10:00:00
192dade5-1ad6-40cf-a282-14e684980058,sms,Sample sms for opportunity 192dade5-1ad6-40cf-a282-14e684980058,2025-06-01 10:00:00
e044cd39-d538-46f5-9026-7b8c7a22bb69,call,Sample call for opportunity e044cd39-d538-46f5-9026-7b8c7a22bb69,2025-06-01 10:00:00
e044cd39-d538-46f5-9026-7b8c7a22bb69,sms,Sample sms for opportunity e044cd39-d538-46f5-9026-7b8c7a22bb69,2025-06-01 10:00:00
f2220376-928c-457a-96be-4f377813ba88,call,Sample call for opportunity f2220376-928c-457a-96be-4f377813ba88,2025-06-01 10:00:00
f2220376-928c-457a-96be-4f377813ba88,sms,Sample sms for opportunity f2220376-928c-457a-96be-4f377813ba88,2025-06-01 10:00:00
0dd5f131-dc7b-4466-b9a0-f8282e82b96b,call,Sample call for opportunity 0dd5f131-dc7b-4466-b9a0-f8282e82b96b,2025-06-01 10:00:00
0dd5f131-dc7b-4466-b9a0-f8282e82b96b,sms,Sample sms for opportunity 0dd5f131-dc7b-4466-b9a0-f8282e82b96b,2025-06-01 10:00:00
6cfd25af-219c-45c9-b44c-cbe2e1d2874e,call,Sample call for opportunity 6cfd25af-219c-45c9-b44c-cbe2e1d2874e,2025-06-01 10:00:00
6cfd25af-219c-45c9-b44c-cbe2e1d2874e,sms,Sample sms for opportunity 6cfd25af-219c-45c9-b44c-cbe2e1d2874e,2025-06-01 10:00:00
a3cd8eb7-b80a-49cf-a18f-9c3210aa9000,call,Sample call for opportunity a3cd8eb7-b80a-49cf-a18f-9c3210aa9000,2025-06-01 10:00:00
a3cd8eb7-b80a-49cf-a18f-9c3210aa9000,sms,Sample sms for opportunity a3cd8eb7-b80a-49cf-a18f-9c3210aa9000,2025-06-01 10:00:00
3a5beab0-5eeb-4722-bc23-155a206a5998,call,Sample call for opportunity 3a5beab0-5eeb-4722-bc23-155a206a5998,2025-06-01 10:00:00
3a5beab0-5eeb-4722-bc23-155a206a5998,sms,Sample sms for opportunity 3a5beab0-5eeb-4722-bc23-155a206a5998,2025-06-01 10:00:00
957f0ffb-47ee-4d6c-9bf6-f154b7f3c782,call,Sample call for opportunity 957f0ffb-47ee-4d6c-9bf6-f154b7f3c782,2025-06-01 10:00:00
957f0ffb-47ee-4d6c-9bf6-f154b7f3c782,sms,Sample sms for opportunity 957f0ffb-47ee-4d6c-9bf6-f154b7f3c782,2025-06-01 10:00:00
d8ed4932-342e-4c6a-8a73-23730d68a249,call,Sample call for opportunity d8ed4932-342e-4c6a-8a73-23730d68a249,2025-06-01 10:00:00
d8ed4932-342e-4c6a-8a73-23730d68a249,sms,Sample sms for opportunity d8ed4932-342e-4c6a-8a73-23730d68a249,2025-06-01 10:00:00
ea8d75ea-d216-4487-9bdb-d4d81f4c776d,call,Sample call for opportunity ea8d75ea-d216-4487-9bdb-d4d81f4c776d,2025-06-01 10:00:00
ea8d75ea-d216-4487-9bdb-d4d81f4c776d,sms,Sample sms for opportunity ea8d75ea-d216-4487-9bdb-d4d81f4c776d,2025-06-01 10:00:00
61b46fb4-3131-457b-9ab9-6f08db808672,call,Sample call for opportunity 61b46fb4-3131-457b-9ab9-6f08db808672,2025-06-01 10:00:00
61b46fb4-3131-457b-9ab9-6f08db808672,sms,Sample sms for opportunity 61b46fb4-3131-457b-9ab9-6f08db808672,2025-06-01 10:00:00
535af1f0-740a-48f3-9c52-bdee52a310f5,call,Sample call for opportunity 535af1f0-740a-48f3-9c52-bdee52a310f5,2025-06-01 10:00:00
535af1f0-740a-48f3-9c52-bdee52a310f5,sms,Sample sms for opportunity 535af1f0-740a-48f3-9c52-bdee52a310f5,2025-06-01 10:00:00
beeaf3f5-4949-44c3-85cf-5b0b3925a592,call,Sample call for opportunity beeaf3f5-4949-44c3-85cf-5b0b3925a592,2025-06-01 10:00:00
beeaf3f5-4949-44c3-85cf-5b0b3925a592,sms,Sample sms for opportunity beeaf3f5-4949-44c3-85cf-5b0b3925a592,2025-06-01 10:00:00
11ad40e9-7f1a-4a9f-b4f1-355a9786e0f3,call,Sample call for opportunity 11ad40e9-7f1a-4a9f-b4f1-355a9786e0f3,2025-06-01 10:00:00
11ad40e9-7f1a-4a9f-b4f1-355a9786e0f3,sms,Sample sms for opportunity 11ad40e9-7f1a-4a9f-b4f1-355a9786e0f3,2025-06-01 10:00:00
62777210-935a-460a-a513-8080b779194b,call,Sample call for opportunity 62777210-935a-460a-a513-8080b779194b,2025-06-01 10:00:00
62777210-935a-460a-a513-8080b779194b,sms,Sample sms for opportunity 62777210-935a-460a-a513-8080b779194b,2025-06-01 10:00:00
73fe5c78-67ce-4f7f-a1fb-790d6bdd5387,call,Sample call for opportunity 73fe5c78-67ce-4f7f-a1fb-790d6bdd5387,2025-06-01 10:00:00
73fe5c78-67ce-4f7f-a1fb-790d6bdd5387,sms,Sample sms for opportunity 73fe5c78-67ce-4f7f-a1fb-790d6bdd5387,2025-06-01 10:00:00
54cb01f7-eedc-43f0-9192-90104cda30b3,call,Sample call for opportunity 54cb01f7-eedc-43f0-9192-90104cda30b3,2025-06-01 10:00:00
54cb01f7-eedc-43f0-9192-90104cda30b3,sms,Sample sms for opportunity 54cb01f7-eedc-43f0-9192-90104cda30b3,2025-06-01 10:00:00
e9c1775e-ed73-4f60-8b60-c18e27d1985a,call,Sample call for opportunity e9c1775e-ed73-4f60-8b60-c18e27d1985a,2025-06-01 10:00:00
e9c1775e-ed73-4f60-8b60-c18e27d1985a,sms,Sample sms for opportunity e9c1775e-ed73-4f60-8b60-c18e27d1985a,2025-06-01 10:00:00
d67ccc09-4857-48e0-8dff-abb570165889,call,Sample call for opportunity d67ccc09-4857-48e0-8dff-abb570165889,2025-06-01 10:00:00
d67ccc09-4857-48e0-8dff-abb570165889,sms,Sample sms for opportunity d67ccc09-4857-48e0-8dff-abb570165889,2025-06-01 10:00:00
a6606931-7d28-4571-851b-1e34605ac36f,call,Sample call for opportunity a6606931-7d28-4571-851b-1e34605ac36f,2025-06-01 10:00:00
a6606931-7d28-4571-851b-1e34605ac36f,sms,Sample sms for opportunity a6606931-7d28-4571-851b-1e34605ac36f,2025-06-01 10:00:00
999bc1f8-6f20-444f-b357-c8d2b42ded83,call,Sample call for opportunity 999bc1f8-6f20-444f-b357-c8d2b42ded83,2025-06-01 10:00:00
999bc1f8-6f20-444f-b357-c8d2b42ded83,sms,Sample sms for opportunity 999bc1f8-6f20-444f-b357-c8d2b42ded83,2025-06-01 10:00:00
663f820e-2abd-4998-9a64-48fcdce7b0cc,call,Sample call for opportunity 663f820e-2abd-4998-9a64-48fcdce7b0cc,2025-06-01 10:00:00
663f820e-2abd-4998-9a64-48fcdce7b0cc,sms,Sample sms for opportunity 663f820e-2abd-4998-9a64-48fcdce7b0cc,2025-06-01 10:00:00
